{  
   "data":{  
      "basefare":{  
         "origin":"ord",
         "destination":"hnl",
         "firstconnectpoint":null,
         "secondconnectpoint":null,
         "country":"us",
         "departuredate":"2018-04-26",
         "bft_origin":"ord",
         "bft_destination":"hnl",
         "bft_type":"g",
         "bft_eff_date":"2018-04-25",
         "bft_disc_date":"2018-05-01",
         "bft_daysofweek":"-mtwt--",
         "bft_country":"**",
         "basefares":[  
            {  
               "class":"a",
               "value":1550
            },
            {  
               "class":"b",
               "value":1114
            },
            {  
               "class":"c",
               "value":1951
            },
            {  
               "class":"d",
               "value":1550
            },
            {  
               "class":"e",
               "value":808
            },
            {  
               "class":"f",
               "value":2351
            },
            {  
               "class":"fn",
               "value":2351
            },
            {  
               "class":"g",
               "value":158
            },
            {  
               "class":"h",
               "value":671
            },
            {  
               "class":"hn",
               "value":421
            },
            {  
               "class":"i",
               "value":4
            },
            {  
               "class":"in",
               "value":7
            },
            {  
               "class":"j",
               "value":2351
            },
            {  
               "class":"jn",
               "value":2351
            },
            {  
               "class":"k",
               "value":225
            },
            {  
               "class":"l",
               "value":264
            },
            {  
               "class":"m",
               "value":1112
            },
            {  
               "class":"n",
               "value":1114
            },
            {  
               "class":"o",
               "value":7
            },
            {  
               "class":"on",
               "value":12
            },
            {  
               "class":"p",
               "value":1132
            },
            {  
               "class":"pn",
               "value":567
            },
            {  
               "class":"q",
               "value":669
            },
            {  
               "class":"r",
               "value":12
            },
            {  
               "class":"rn",
               "value":12
            },
            {  
               "class":"s",
               "value":345
            },
            {  
               "class":"t",
               "value":311
            },
            {  
               "class":"u",
               "value":713
            },
            {  
               "class":"v",
               "value":407
            },
            {  
               "class":"w",
               "value":357
            },
            {  
               "class":"x",
               "value":110
            },
            {  
               "class":"xn",
               "value":217
            },
            {  
               "class":"y",
               "value":1114
            },
            {  
               "class":"yn",
               "value":1114
            },
            {  
               "class":"z",
               "value":1258
            },
            {  
               "class":"zn",
               "value":1258
            }
         ]
      }
   }
}