{
  "data": {
    "bidprices": {
      "carrier": "ua",
      "flightnumber": "0219",
      "flightdate": "20180430",
      "legboardpoint": "ord",
      "legoffpoint": "hnl",
      "cabins": [
        {
          "cabinclass": "p",
          "revcarrycost": "00039",
          "revdsp": "00000",
          "rewardcarrycost": "00000",
          "rewarddsp": "00000",
          "maxcap": "01109",
          "cabinbidprices": [
            {
              "bpgsa": "0010",
              "cbp": "00960",
              "lbp": "00960",
              "obp": "00960",
              "rbp": "00960"
            },
            {
              "bpgsa": "0009",
              "cbp": "00960",
              "lbp": "00960",
              "obp": "00960",
              "rbp": "00960"
            },
            {
              "bpgsa": "0008",
              "cbp": "00960",
              "lbp": "01110",
              "obp": "01110",
              "rbp": "01110"
            },
            {
              "bpgsa": "0007",
              "cbp": "00960",
              "lbp": "01110",
              "obp": "01110",
              "rbp": "01110"
            },
            {
              "bpgsa": "0006",
              "cbp": "00960",
              "lbp": "01110",
              "obp": "01110",
              "rbp": "01110"
            },
            {
              "bpgsa": "0005",
              "cbp": "00960",
              "lbp": "01110",
              "obp": "01110",
              "rbp": "01110"
            },
            {
              "bpgsa": "0004",
              "cbp": "00960",
              "lbp": "01110",
              "obp": "01110",
              "rbp": "01110"
            },
            {
              "bpgsa": "0003",
              "cbp": "00960",
              "lbp": "01110",
              "obp": "01110",
              "rbp": "01110"
            },
            {
              "bpgsa": "0002",
              "cbp": "00960",
              "lbp": "01110",
              "obp": "01110",
              "rbp": "01110"
            },
            {
              "bpgsa": "0001",
              "cbp": "00960",
              "lbp": "01110",
              "obp": "01110",
              "rbp": "01110"
            },
            {
              "bpgsa": "0000",
              "cbp": "99999",
              "lbp": "99999",
              "obp": "99999",
              "rbp": "99999"
            }
          ]
        },
        {
          "cabinclass": "y",
          "revcarrycost": "00039",
          "revdsp": "00000",
          "rewardcarrycost": "00039",
          "rewarddsp": "00000",
          "maxcap": "00000",
          "cabinbidprices": [
            {
              "bpgsa": "0025",
              "cbp": "00175",
              "lbp": "00175",
              "obp": "00175",
              "rbp": "00175"
            },
            {
              "bpgsa": "0024",
              "cbp": "00175",
              "lbp": "00175",
              "obp": "00175",
              "rbp": "00175"
            },
            {
              "bpgsa": "0023",
              "cbp": "00175",
              "lbp": "00175",
              "obp": "00175",
              "rbp": "00175"
            },
            {
              "bpgsa": "0022",
              "cbp": "00175",
              "lbp": "00175",
              "obp": "00175",
              "rbp": "00175"
            },
            {
              "bpgsa": "0021",
              "cbp": "00175",
              "lbp": "00175",
              "obp": "00175",
              "rbp": "00175"
            },
            {
              "bpgsa": "0020",
              "cbp": "00175",
              "lbp": "00175",
              "obp": "00175",
              "rbp": "00175"
            },
            {
              "bpgsa": "0019",
              "cbp": "00175",
              "lbp": "00175",
              "obp": "00175",
              "rbp": "00175"
            },
            {
              "bpgsa": "0018",
              "cbp": "00175",
              "lbp": "00175",
              "obp": "00175",
              "rbp": "00175"
            },
            {
              "bpgsa": "0017",
              "cbp": "00175",
              "lbp": "00175",
              "obp": "00175",
              "rbp": "00175"
            },
            {
              "bpgsa": "0016",
              "cbp": "00175",
              "lbp": "00175",
              "obp": "00175",
              "rbp": "00175"
            },
            {
              "bpgsa": "0015",
              "cbp": "00220",
              "lbp": "00220",
              "obp": "00220",
              "rbp": "00220"
            },
            {
              "bpgsa": "0014",
              "cbp": "00220",
              "lbp": "00220",
              "obp": "00220",
              "rbp": "00220"
            },
            {
              "bpgsa": "0013",
              "cbp": "00220",
              "lbp": "00220",
              "obp": "00220",
              "rbp": "00220"
            },
            {
              "bpgsa": "0012",
              "cbp": "00220",
              "lbp": "00220",
              "obp": "00220",
              "rbp": "00220"
            },
            {
              "bpgsa": "0011",
              "cbp": "00220",
              "lbp": "00220",
              "obp": "00220",
              "rbp": "00220"
            },
            {
              "bpgsa": "0010",
              "cbp": "00260",
              "lbp": "00260",
              "obp": "00260",
              "rbp": "00260"
            },
            {
              "bpgsa": "0009",
              "cbp": "00270",
              "lbp": "00270",
              "obp": "00270",
              "rbp": "00270"
            },
            {
              "bpgsa": "0008",
              "cbp": "00280",
              "lbp": "00280",
              "obp": "00280",
              "rbp": "00280"
            },
            {
              "bpgsa": "0007",
              "cbp": "00280",
              "lbp": "00280",
              "obp": "00280",
              "rbp": "00280"
            },
            {
              "bpgsa": "0006",
              "cbp": "00310",
              "lbp": "00310",
              "obp": "00310",
              "rbp": "00310"
            },
            {
              "bpgsa": "0005",
              "cbp": "00310",
              "lbp": "00310",
              "obp": "00310",
              "rbp": "00310"
            },
            {
              "bpgsa": "0004",
              "cbp": "00320",
              "lbp": "00320",
              "obp": "00320",
              "rbp": "00320"
            },
            {
              "bpgsa": "0003",
              "cbp": "00380",
              "lbp": "00380",
              "obp": "00380",
              "rbp": "00380"
            },
            {
              "bpgsa": "0002",
              "cbp": "00580",
              "lbp": "00580",
              "obp": "00580",
              "rbp": "00580"
            },
            {
              "bpgsa": "0001",
              "cbp": "00760",
              "lbp": "00760",
              "obp": "00760",
              "rbp": "00760"
            },
            {
              "bpgsa": "0000",
              "cbp": "99999",
              "lbp": "99999",
              "obp": "99999",
              "rbp": "99999"
            }
          ]
        }
      ]
    }
  }
}