{
    "CLSCLO_default": {
        "data": ["CLASSES", "MARKET"]
    },
    "CLSCLO_optional": {
        "data": [ "ARRTIME", "CARRIER", "CLASSBKG", "CONNPOINT", 
            "DEPTDATE", "DEPTTIME", "EQUIP", "FLIGHT",
            "LOADFACTOR", "POC","POS",
            "ROUTING", "SELLDATE",
            "TIMETODEPT", "TIMEOUTDEPT"
		]
    },
    "CLSSUP_default": {
        "data": ["CLASSES", "MARKET"]
    },
    "CLSSUP_optional": {
        "data": [ "ARRTIME", "CARRIER",  "CONNPOINT", 
            "DEPTDATE", "DEPTTIME", "EQUIP", "FLIGHT",
            "POC","POS",
            "ROUTING", "SELLDATE",
            "TIMETODEPT", "TIMEOUTDEPT"
		]
    },
    "AVLADJ_default": {
        "data": ["AVAILADJUST", "CLASSES", "MARKET"]
    },
    "AVLADJ_optional": {
        "data": [ "ARRTIME", "CARRIER", "CLASSAVL", "CLASSBKG", "CONNPOINT", 
            "DEPTDATE", "DEPTTIME", "EQUIP", "FLIGHT",
            "LOADFACTOR", "POC","POS",
            "ROUTING", "SELLDATE",
            "TIMETODEPT", "TIMEOUTDEPT"
		]
    },
    "MKFRAJ_default": {
        "data": ["BASEFARE", "CLASSES", "MARKET"]
    },
    "MKFRAJ_optional": {
        "data": [ "ARRTIME", "CARRIER", "CLASSBKG", "CONNPOINT", 
            "DEPTDATE", "DEPTTIME", "EQUIP", "FLIGHT",
            "LOADFACTOR", "POC","POS",
            "ROUTING", "SELLDATE",
            "TIMETODEPT", "TIMEOUTDEPT"
		]
    },
    "BPRADJ_default": {
        "data": ["BIDPRICE", "MARKET"]
    },
    "BPRADJ_optional": {
        "data": [ "ARRTIME", "CARRIER", "CLASSBKG", "CONNPOINT", 
            "DEPTDATE", "DEPTTIME", "EQUIP", "FLIGHT",
            "LOADFACTOR", "POC","POS",
            "ROUTING", "SELLDATE",
            "TIMETODEPT", "TIMEOUTDEPT"
		]
    },
    "JOURNY_default": {
        "data": ["POC", "POS"]
    },
    "JOURNY_optional": {
        "data": [ "CLASSES", "SELLDATE"]
    },
    "PARCAN_default": {
        "data": ["POC", "POS"]
    },
    "PARCAN_optional": {
        "data": ["SELLDATE"]
    },
    "RuleDirectory": {
        "QuickRuleEnable" : false
    }
}