{
    "isMarketSearchEnabled": true,
    "SearchType":[
        {
            "id": "FM",
            "value": "Full Market"
        },
        {
            "id": "BFR",
            "value": "Base Fare Report"
        },
        {
            "id": "BPR",
            "value": "Bid Price Report"
        },
        {
            "id": "CSR",
            "value": "Custom Seamless Avail. Request"
        },
        {
            "id": "SAR",
            "value": "Seamless Availability Request"
        }
    ]
}