{
	"Operators": [{
			"id": "EQ",
			"value": "="
		},
		{
			"id": "NEQ",
			"value": "≠"
		}
	],

	"ConnectionPoint": {
		"MainOperator": [{
				"id": "EQ",
				"value": "="
			},
			{
				"id": "NEQ",
				"value": "≠"
			}
		],		
		"RadioOptions": ["Any", "In Sequence"]
	},

	"SeatsOperators": [{
			"id": "EQ",
			"value": "="
		},
		{
			"id": "NEQ",
			"value": "≠"
		},
		{
			"id": "GT",
			"value": ">"
		},
		{
			"id": "LT",
			"value": "<"
		}
	],

	"LoadfactorOperators": [{
			"id": "EQ",
			"value": "="
		},
		{
			"id": "NEQ",
			"value": "≠"
		},
		{
			"id": "GRT",
			"value": ">"
		},
		{
			"id": "LES",
			"value": "<"
		},
		{
			"id": "GRTEQ",
			"value": "≥"
		},
		{
			"id": "LESEQ",
			"value": "≤"
		}
	],
	
	"AllOperators": [{
			"id": "EQ",
			"value": "="
		},
		{
			"id": "NEQ",
			"value": "≠"
		},
		{
			"id": "GT",
			"value": ">"
		},
		{
			"id": "LT",
			"value": "<"
		},
		{
			"id": "GTE",
			"value": "≥"
		},
		{
			"id": "LTE",
			"value": "≤"
		}
	],	

	"AdjustBidPriceTypes": [
		{
			"id": "LEG",
			"value": "Adjust Leg Bid Price"
		},
		{
			"id": "O&D",
			"value": "Adjust O&D Bid Price"
		}
	],
	"Status": [
		{
			"id": "ACTIV",
			"value": "ACTIVE"
		},
		{
			"id": "INACT",
			"value": "INACTIVE"
		},
		{
			"id": "SIMUL",
			"value": "SIMULATION"
		}
	],

	"TransactionTypes": [{
			"id": "ALL",
			"value": "All"
		},
		{
			"id": "SELL",
			"value": "Sell"
		},
		{
			"id": "AVAIL",
			"value": "Availability"
		},
		{
			"id": "WAITLISTCLEARANCE",
			"value": "Waitlist Clearance"
		}
	],

	"WaitLists": [{
			"id": "CLOSED",
			"value": "Waitlist Closed"
		},
		{
			"id": "WAITLIST",
			"value": "Waitlist"
		}
	],

	"RuleTypes": [{
			"id": "CLSCLO",
			"name": "Class Closure"
		},
		{
			"id": "AVLADJ",
			"name": "Availability Adjustment"
		},
		{
			"id": "MKFRAJ",
			"name": "Market (Base) Fare Adjustment"
		},
		{
			"id": "BPRADJ",
			"name": "Bid Price Adjustment"
		},
		{
			"id": "CLSSUP",
			"name": "Class Suppression"
		},
		{
			"id": "JOURNY",
			"name": "Remove Journey User"
		},
		{
			"id": "PARCAN",
			"name": "Allow Partial Cancellation"
		}
	],

	"RuleStatus": [{
			"id": "ACTIV",
			"value": "Active"
		},
		{
			"id": "INACT",
			"value": "Inactive"
		},
		{
			"id": "SIMUL",
			"value": "Simulate"
		},		
		{
			"id": "DELET",
			"value": "Deleted"
		}
	],

	"FrequentFlyerProgram": [{
			"id": "united",
			"value": "United"
		},
		{
			"id": "program",
			"value": "Program"
		}
	],
	"FrequentFlyerTierLevel": [{
			"id": "premier silver",
			"value": "Premier Silver"
		},
		{
			"id": "premier gold",
			"value": "Premier Gold"
		},
		{
			"id": "premier platinum",
			"value": "Premier Platinum"
		},
		{
			"id": "premier 1K",
			"value": "Premier 1K"
		},
		{
			"id": "global services",
			"value": "Global Services"
		}
	],
	"RoutingConnectTypes": [{
			"id": "ONLINE",
			"value": "Online Connect"
		},
		{
			"id": "CODESHARE",
			"value": "Codeshare Connect"
		},
		{
			"id": "INTERLINE",
			"value": "OA/Interline Connect"
		},
		{
			"id": "ANY",
			"value": "Any"
		}
	],
	"RoutingCategorys": [{
			"id": "direct",
			"value": "Direct"
		},
		{
			"id": "nonstop",
			"value": "Non-stop"
		}
	],
	"RoutingTypes": [{
			"id": "International",
			"value": "International"
		},
		{
			"id": "Domestic",
			"value": "Domestic"
		},
		{
			"id": "Either",
			"value": "Either"
		}
	],

	"Days": [{
			"id": "monday",
			"value": "Mon"
		},
		{
			"id": "tuesday",
			"value": "Tue"
		},
		{
			"id": "wednesday",
			"value": "Wed"
		},
		{
			"id": "thursday",
			"value": "Thu"
		},
		{
			"id": "friday",
			"value": "Fri"
		},
		{
			"id": "saturday",
			"value": "Sat"
		},
		{
			"id": "sunday",
			"value": "Sun"
		}
	],

	"BidPriceCategory": [{
			"id": "connection",
			"value": "Connection"
		},
		{
			"id": "local",
			"value": "Local"
		},
		{
			"id": "reward",
			"value": "Reward"
		},
		{
			"id": "opaque",
			"value": "Opaque"
		}
	]
}