{
  "data": {
    "paoreq": {
      "messagedetail": {
        "responsemessage": {
          "busfunction": "1",
          "msgfunction": "46",
          "responsibleagency": null,
          "msgfunction2": "702"
        },
        "responsetype": null
      },
      "org": {
        "systemdetail": {
          "companyid": "ua",
          "locationid": "hdq",
          "location": "00"
        },
        "originatoriddetail": {
          "travelagentcode": null,
          "inhousecode1": null,
          "inhousecode2": null
        },
        "locationdetail": {
          "location": "iah",
          "locationind": null
        },
        "systemdetailadditional": {
          "companyid": "ua",
          "locationid": null,
          "location": null
        },
        "originatortype": "a",
        "originatordetail": {
          "country": "us",
          "currency": "usd",
          "language": null
        },
        "authoritycode": "su",
        "commuinicationnumber": null,
        "partyid": null
      },
      "odigroups": [
        {
          "origin": "ord",
          "destination": "hnl",
          "travelsegments": [
            {
              "arrdeptimes": {
                "depdate": "2018-04-30",
                "deptime": "12:00",
                "arrdate": null,
                "arrtime": null,
                "datevariation": null
              },
              "boardpoint": {
                "location": "ord",
                "locationind": null
              },
              "offpoint": {
                "location": "hnl",
                "locationind": null
              },
              "company": {
                "companyid": "ua",
                "companyid2": "ua",
                "companyid3": null
              },
              "flightdetail": {
                "flightnumber": "219",
                "bookingdesignator": "a",
                "productid": null,
                "bookingdesignatordescription": null
              },
              "groupnumber": {
                "seqnumber": "1",
                "seqnumber2": null
              },
              "lineitemnumber": "1",
              "processind": null,
              "marriagecontrol": {
                "relation": null,
                "groupnumber": null,
                "lineitemnumber": null,
                "relation2": null,
                "companyid": null
              },
              "productdetaillist": null,
              "tvlerrorresponse": null,
              "relatedproduct": null
            }
          ]
        }
      ]
    },
    "edifact": "UNB+IATA:4+UA+1Y:IEDI+180430:0946+411R50180001+205++T'UNH+001+PAORES:96:2:IA'MSG+1:47::702'ODI+ORD+HNL'TVL+300418:1200+ORD+HNL+UA+0219:A+1+1'PDI++F:4+J:4::N+C:4+A:4+D:4+Z:4+Z:4::N+P:0+P:0::N+R:4+R:4::N+I:4::N+I:4+Y:9+Y:9::N+B:9+M:9+E:9+U:9+H:9+H:9::N+Q:9+V:9+W:9+S:9+T:9+L:9+K:9+G:0+N:9+X:9::N+X:0'UNT+6+001'UNZ+1+411R50180001'",
    "paores": {
      "messagedetail": {
        "responsemessage": {
          "busfunction": "1",
          "msgfunction": "47",
          "responsibleagency": null,
          "msgfunction2": "702"
        },
        "responsetype": null
      },
      "errorresponse": null,
      "odi": [
        {
          "origin": "ord",
          "destination": "hnl",
          "travelsegments": [
            {
              "arrdeptimes": {
                "depdate": "2018-04-30",
                "deptime": "12:00",
                "arrdate": null,
                "arrtime": null,
                "datevariation": null
              },
              "boardpoint": {
                "location": "ord",
                "locationind": null
              },
              "offpoint": {
                "location": "hnl",
                "locationind": null
              },
              "company": {
                "companyid": "ua",
                "companyid2": null,
                "companyid3": null
              },
              "flightdetail": {
                "flightnumber": "219",
                "bookingdesignator": "a",
                "productid": null,
                "bookingdesignatordescription": null
              },
              "groupnumber": {
                "seqnumber": "1",
                "seqnumber2": null
              },
              "lineitemnumber": "1",
              "processind": null,
              "marriagecontrol": {
                "relation": null,
                "groupnumber": null,
                "lineitemnumber": null,
                "relation2": null,
                "companyid": null
              },
              "productdetaillist": {
                "productdetailqualifier": null,
                "productdetails": [
                  {
                    "bookingclass": "f",
                    "seatsavailable": 4,
                    "specialservice": null,
                    "bookingclasssuffix": null
                  },
                  {
                    "bookingclass": "j",
                    "seatsavailable": 4,
                    "specialservice": null,
                    "bookingclasssuffix": "n"
                  },
                  {
                    "bookingclass": "c",
                    "seatsavailable": 4,
                    "specialservice": null,
                    "bookingclasssuffix": null
                  },
                  {
                    "bookingclass": "a",
                    "seatsavailable": 4,
                    "specialservice": null,
                    "bookingclasssuffix": null
                  },
                  {
                    "bookingclass": "d",
                    "seatsavailable": 4,
                    "specialservice": null,
                    "bookingclasssuffix": null
                  },
                  {
                    "bookingclass": "z",
                    "seatsavailable": 4,
                    "specialservice": null,
                    "bookingclasssuffix": null
                  },
                  {
                    "bookingclass": "z",
                    "seatsavailable": 4,
                    "specialservice": null,
                    "bookingclasssuffix": "n"
                  },
                  {
                    "bookingclass": "p",
                    "seatsavailable": 0,
                    "specialservice": null,
                    "bookingclasssuffix": null
                  },
                  {
                    "bookingclass": "p",
                    "seatsavailable": 0,
                    "specialservice": null,
                    "bookingclasssuffix": "n"
                  },
                  {
                    "bookingclass": "r",
                    "seatsavailable": 4,
                    "specialservice": null,
                    "bookingclasssuffix": null
                  },
                  {
                    "bookingclass": "r",
                    "seatsavailable": 4,
                    "specialservice": null,
                    "bookingclasssuffix": "n"
                  },
                  {
                    "bookingclass": "i",
                    "seatsavailable": 4,
                    "specialservice": null,
                    "bookingclasssuffix": "n"
                  },
                  {
                    "bookingclass": "i",
                    "seatsavailable": 4,
                    "specialservice": null,
                    "bookingclasssuffix": null
                  },
                  {
                    "bookingclass": "y",
                    "seatsavailable": 9,
                    "specialservice": null,
                    "bookingclasssuffix": null
                  },
                  {
                    "bookingclass": "y",
                    "seatsavailable": 9,
                    "specialservice": null,
                    "bookingclasssuffix": "n"
                  },
                  {
                    "bookingclass": "b",
                    "seatsavailable": 9,
                    "specialservice": null,
                    "bookingclasssuffix": null
                  },
                  {
                    "bookingclass": "m",
                    "seatsavailable": 9,
                    "specialservice": null,
                    "bookingclasssuffix": null
                  },
                  {
                    "bookingclass": "e",
                    "seatsavailable": 9,
                    "specialservice": null,
                    "bookingclasssuffix": null
                  },
                  {
                    "bookingclass": "u",
                    "seatsavailable": 9,
                    "specialservice": null,
                    "bookingclasssuffix": null
                  },
                  {
                    "bookingclass": "h",
                    "seatsavailable": 9,
                    "specialservice": null,
                    "bookingclasssuffix": null
                  },
                  {
                    "bookingclass": "h",
                    "seatsavailable": 9,
                    "specialservice": null,
                    "bookingclasssuffix": "n"
                  },
                  {
                    "bookingclass": "q",
                    "seatsavailable": 9,
                    "specialservice": null,
                    "bookingclasssuffix": null
                  },
                  {
                    "bookingclass": "v",
                    "seatsavailable": 9,
                    "specialservice": null,
                    "bookingclasssuffix": null
                  },
                  {
                    "bookingclass": "w",
                    "seatsavailable": 9,
                    "specialservice": null,
                    "bookingclasssuffix": null
                  },
                  {
                    "bookingclass": "s",
                    "seatsavailable": 9,
                    "specialservice": null,
                    "bookingclasssuffix": null
                  },
                  {
                    "bookingclass": "t",
                    "seatsavailable": 9,
                    "specialservice": null,
                    "bookingclasssuffix": null
                  },
                  {
                    "bookingclass": "l",
                    "seatsavailable": 9,
                    "specialservice": null,
                    "bookingclasssuffix": null
                  },
                  {
                    "bookingclass": "k",
                    "seatsavailable": 9,
                    "specialservice": null,
                    "bookingclasssuffix": null
                  },
                  {
                    "bookingclass": "g",
                    "seatsavailable": 0,
                    "specialservice": null,
                    "bookingclasssuffix": null
                  },
                  {
                    "bookingclass": "n",
                    "seatsavailable": 9,
                    "specialservice": null,
                    "bookingclasssuffix": null
                  },
                  {
                    "bookingclass": "x",
                    "seatsavailable": 9,
                    "specialservice": null,
                    "bookingclasssuffix": "n"
                  },
                  {
                    "bookingclass": "x",
                    "seatsavailable": 0,
                    "specialservice": null,
                    "bookingclasssuffix": null
                  }
                ]
              },
              "tvlerrorresponse": null,
              "relatedproduct": null
            }
          ]
        }
      ]
    }
  }
}